{"cameraMode":{"drawMode":0,"name":"Shaded","section":"Shading Mode"},"sceneLighting":false,"audioPlay":false,"sceneViewState":{"showFog":true,"showMaterialUpdate":false,"showSkybox":false,"showFlares":true,"showImageEffects":true,"showParticleSystems":true,"showVisualEffectGraphs":true,"m_FxEnabled":true},"in2DMode":false,"pivot":{"x":0.025314033031463624,"y":-0.24113547801971436,"z":1.955478310585022},"rotation":{"x":0.21304814517498017,"y":-0.19774138927459718,"z":0.04407571256160736,"w":0.9558209776878357},"size":0.9057947993278503,"orthographic":false}