{"cameraMode":{"drawMode":0,"name":"Shaded","section":"Shading Mode"},"sceneLighting":true,"audioPlay":false,"sceneViewState":{"showFog":true,"showMaterialUpdate":false,"showSkybox":true,"showFlares":true,"showImageEffects":true,"showParticleSystems":true,"showVisualEffectGraphs":true,"m_FxEnabled":true},"in2DMode":false,"pivot":{"x":9.352936744689942,"y":-9.311530113220215,"z":18.858726501464845},"rotation":{"x":0.1723586916923523,"y":0.16754519939422608,"z":-0.029760150238871576,"w":0.9702417254447937},"size":20.020305633544923,"orthographic":false}